{"mtx": [[2033.9566548964744, 0.0, 1341.773558518984], [0.0, 2034.58721457173, 749.853143054012], [0.0, 0.0, 1.0]], "dist": [[0.014310990298542424, -0.05562126456052163, -0.0009493527824570098, -0.0021590247020028034, 0.07333264928000896]]}