{"mtx": [[1821.5554766354717, 0.0, 1376.249263158995], [0.0, 1819.185724483844, 1024.229555296688], [0.0, 0.0, 1.0]], "dist": [[-0.0020583875932288407, -0.01173730384409593, 0.0019397305275243475, 0.004051657364096762, 0.016647945257328794]]}